Workbook

Sheet Parameters
A1: Topic 5 – Two draws without replacement
A2: DATA ARE SIMULATED (no real data set used). Seed 2026, Python numpy default_rng.
A4: Symbol | B4: Meaning | C4: Value
A5: N | B5: Balls in the urn | C5: 6
A6: K | B6: Red balls (balls 1–3 are red, 4–6 blue) | C6: 3
A7: n | B7: Number of independent experiments (pairs) | C7: 60
A9: Theory (Part A–B) | B9: Formula | C9: Value
A10: p = K/N | B10: K/N | C10: =C6/C5 -> 0.5
A11: P(X1=1,X2=1) | B11: K(K−1)/(N(N−1)) | C11: =C6*(C6-1)/(C5*(C5-1)) -> 0.2
A12: P(X1=1,X2=0)=P(X1=0,X2=1) | B12: K(N−K)/(N(N−1)) | C12: =C6*(C5-C6)/(C5*(C5-1)) -> 0.3
A13: P(X1=0,X2=0) | B13: (N−K)(N−K−1)/(N(N−1)) | C13: =(C5-C6)*(C5-C6-1)/(C5*(C5-1)) -> 0.2
A14: E(X1)=E(X2) | B14: K/N | C14: =C6/C5 -> 0.5
A15: Var(X1)=Var(X2) | B15: pq = K(N−K)/N² | C15: =C6*(C5-C6)/C5^2 -> 0.25
A16: Cov(X1,X2) | B16: −K(N−K)/(N²(N−1)) | C16: =-C6*(C5-C6)/(C5^2*(C5-1)) -> -0.05
A17: ρ(X1,X2) | B17: −1/(N−1) | C17: =-1/(C5-1) -> -0.2

Sheet Data
A1: Trial | B1: Ball drawn 1st (label 1–6) | C1: Ball drawn 2nd (label 1–6) | D1: X1 = 1 if 1st ball red | E1: X2 = 1 if 2nd ball red | F1: X1·X2 | H1: SIMULATED data. Each row = a fresh urn (6 balls, 3 red), two balls drawn without replacement; balls in one row are always different.
A2: 1 | B2: 2 | C2: 5 | D2: =IF(B2<=Parameters!$C$6,1,0) -> 1 | E2: =IF(C2<=Parameters!$C$6,1,0) -> 0 | F2: =D2*E2 -> 0
A3: 2 | B3: 3 | C3: 4 | D3: =IF(B3<=Parameters!$C$6,1,0) -> 1 | E3: =IF(C3<=Parameters!$C$6,1,0) -> 0 | F3: =D3*E3 -> 0
A4: 3 | B4: 1 | C4: 3 | D4: =IF(B4<=Parameters!$C$6,1,0) -> 1 | E4: =IF(C4<=Parameters!$C$6,1,0) -> 1 | F4: =D4*E4 -> 1
A5: 4 | B5: 2 | C5: 5 | D5: =IF(B5<=Parameters!$C$6,1,0) -> 1 | E5: =IF(C5<=Parameters!$C$6,1,0) -> 0 | F5: =D5*E5 -> 0
A6: 5 | B6: 4 | C6: 6 | D6: =IF(B6<=Parameters!$C$6,1,0) -> 0 | E6: =IF(C6<=Parameters!$C$6,1,0) -> 0 | F6: =D6*E6 -> 0
A7: 6 | B7: 1 | C7: 6 | D7: =IF(B7<=Parameters!$C$6,1,0) -> 1 | E7: =IF(C7<=Parameters!$C$6,1,0) -> 0 | F7: =D7*E7 -> 0
A8: 7 | B8: 2 | C8: 1 | D8: =IF(B8<=Parameters!$C$6,1,0) -> 1 | E8: =IF(C8<=Parameters!$C$6,1,0) -> 1 | F8: =D8*E8 -> 1
A9: 8 | B9: 5 | C9: 6 | D9: =IF(B9<=Parameters!$C$6,1,0) -> 0 | E9: =IF(C9<=Parameters!$C$6,1,0) -> 0 | F9: =D9*E9 -> 0
A10: 9 | B10: 2 | C10: 4 | D10: =IF(B10<=Parameters!$C$6,1,0) -> 1 | E10: =IF(C10<=Parameters!$C$6,1,0) -> 0 | F10: =D10*E10 -> 0
A11: 10 | B11: 4 | C11: 1 | D11: =IF(B11<=Parameters!$C$6,1,0) -> 0 | E11: =IF(C11<=Parameters!$C$6,1,0) -> 1 | F11: =D11*E11 -> 0
A12: 11 | B12: 4 | C12: 5 | D12: =IF(B12<=Parameters!$C$6,1,0) -> 0 | E12: =IF(C12<=Parameters!$C$6,1,0) -> 0 | F12: =D12*E12 -> 0
A13: 12 | B13: 6 | C13: 3 | D13: =IF(B13<=Parameters!$C$6,1,0) -> 0 | E13: =IF(C13<=Parameters!$C$6,1,0) -> 1 | F13: =D13*E13 -> 0
... A61: 60 | B61: 3 | C61: 4 | D61: =IF(B61<=Parameters!$C$6,1,0) -> 1 | E61: =IF(C61<=Parameters!$C$6,1,0) -> 0 | F61: =D61*E61 -> 0

Sheet Analysis
A1: Sample statistics vs theory
A3: Quantity | B3: Excel formula used | C3: Sample (x̄, s², sxy, r) | D3: Theory (population) | E3: Difference
A4: Number of pairs n | B4: COUNT | C4: =COUNT(Data!$D$2:$D$61) -> 60 | D4: =Parameters!C7 -> 60 | E4: =C4-D4 -> 0
A5: Mean of X1 | B5: AVERAGE | C5: =AVERAGE(Data!$D$2:$D$61) -> 0.55 | D5: =Parameters!C14 -> 0.5 | E5: =C5-D5 -> 0.05
A6: Mean of X2 | B6: AVERAGE | C6: =AVERAGE(Data!$E$2:$E$61) -> 0.5 | D6: =Parameters!C14 -> 0.5 | E6: =C6-D6 -> 0
A7: Variance of X1 (s²) | B7: VAR.S | C7: =_xlfn.VAR.S(Data!$D$2:$D$61) -> 0.25169492 | D7: =Parameters!C15 -> 0.25 | E7: =C7-D7 -> 0.0016949153
A8: Variance of X2 (s²) | B8: VAR.S | C8: =_xlfn.VAR.S(Data!$E$2:$E$61) -> 0.25423729 | D8: =Parameters!C15 -> 0.25 | E8: =C8-D8 -> 0.0042372881
A9: Covariance sxy | B9: COVARIANCE.S | C9: =_xlfn.COVARIANCE.S(Data!$D$2:$D$61,Data!$E$2:$E$61) -> -0.042372881 | D9: =Parameters!C16 -> -0.05 | E9: =C9-D9 -> 0.0076271186
A10: Correlation r | B10: CORREL | C10: =CORREL(Data!$D$2:$D$61,Data!$E$2:$E$61) -> -0.1675063 | D10: =Parameters!C17 -> -0.2 | E10: =C10-D10 -> 0.032493697
A11: P(X2=1 | X1=1) (empirical) | B11: COUNTIFS / COUNTIF | C11: =COUNTIFS(Data!$D$2:$D$61,1,Data!$E$2:$E$61,1)/COUNTIF(Data!$D$2:$D$61,1) -> 0.42424242 | D11: =(Parameters!C6-1)/(Parameters!C5-1) -> 0.4 | E11: =C11-D11 -> 0.024242424
A12: P(X2=1 | X1=0) (empirical) | B12: COUNTIFS / COUNTIF | C12: =COUNTIFS(Data!$D$2:$D$61,0,Data!$E$2:$E$61,1)/COUNTIF(Data!$D$2:$D$61,0) -> 0.59259259 | D12: =Parameters!C6/(Parameters!C5-1) -> 0.6 | E12: =C12-D12 -> -0.0074074074
A14: Check: r = sxy / (s1·s2) | C14: =C9/(SQRT(C7)*SQRT(C8)) -> -0.1675063
A15: Check: sxy via (Σx1x2 − n·x̄1·x̄2)/(n−1) | C15: =(SUM(Data!$F$2:$F$61)-C4*C5*C6)/(C4-1) -> -0.042372881
A16: Note: theory columns are population values derived in Parts A–B; sample statistics vary from sample to sample.
A18: Joint frequency table (observed vs expected under the model)
A19: X1 | B19: X2 | C19: Observed count | D19: Observed proportion | E19: Theory P(x1,x2) | F19: Expected count (n·P)
A20: 0 | B20: 0 | C20: =COUNTIFS(Data!$D$2:$D$61,A20,Data!$E$2:$E$61,B20) -> 11 | D20: =C20/$C$4 -> 0.18333333 | E20: =Parameters!C13 -> 0.2 | F20: =E20*$C$4 -> 12
A21: 0 | B21: 1 | C21: =COUNTIFS(Data!$D$2:$D$61,A21,Data!$E$2:$E$61,B21) -> 16 | D21: =C21/$C$4 -> 0.26666667 | E21: =Parameters!C12 -> 0.3 | F21: =E21*$C$4 -> 18
A22: 1 | B22: 0 | C22: =COUNTIFS(Data!$D$2:$D$61,A22,Data!$E$2:$E$61,B22) -> 19 | D22: =C22/$C$4 -> 0.31666667 | E22: =Parameters!C12 -> 0.3 | F22: =E22*$C$4 -> 18
A23: 1 | B23: 1 | C23: =COUNTIFS(Data!$D$2:$D$61,A23,Data!$E$2:$E$61,B23) -> 14 | D23: =C23/$C$4 -> 0.23333333 | E23: =Parameters!C11 -> 0.2 | F23: =E23*$C$4 -> 12
A24: Total | C24: =SUM(C20:C23) -> 60 | D24: =SUM(D20:D23) -> 1 | E24: =SUM(E20:E23) -> 1 | F24: =SUM(F20:F23) -> 60

Sheet Method
A1: HOW THE DATA WERE GENERATED (simulated, reproducible)
A2: 1. Urn: 6 balls labelled 1–6; balls 1, 2, 3 are red, 4, 5, 6 are blue (N = 6, K = 3).
A3: 2. One experiment: draw 2 balls without replacement; record X1 = 1 if the 1st is red, X2 = 1 if the 2nd is red.
A4: 3. Repeat n = 60 times with a fresh full urn each time, so the 60 pairs are independent of each other.
A6: Python (numpy) used:
A7: rng = np.random.default_rng(2026)
A8: for t in range(60): d = rng.choice(6, size=2, replace=False) # ball labels = d+1
A10: Pure-Excel alternative (new random data each recalculation):
A11: Ball 1 (cell B2): =RANDBETWEEN(1,6)
A12: Ball 2 (cell C2): =IF(RANDBETWEEN(1,5)>=B2, RANDBETWEEN(1,5)+1, RANDBETWEEN(1,5)) -> use ONE helper cell r=RANDBETWEEN(1,5) in a spare column:
A13: =IF(r>=B2, r+1, r) (r is one of the 5 remaining balls, so ball 2 ≠ ball 1)
A14: Press F9 to redraw. Copy → Paste Special → Values to freeze a sample before analysing it.
... A17: Scope: only descriptive comparison with the exact values of Part A–B (no estimation or tests).
